FOLDER	LIGAND_ENTRY	TOTAL_SCORE
file2	1N2H_PAJ_A_1001_entry_00005_conf_01	-113.533
file1	1N2B_APC_A_801_entry_00005_conf_01	-106.601
file2	3IVC_FG4_A_302_entry_00002_conf_01	-98.5041
file1	3IOC_A5D_A_301_entry_00002_conf_01	-93.8079
file1	3IOD_A6D_A_302_entry_00003_conf_01	-92.9649
file1	3IOE_A7D_A_901_entry_00004_conf_01	-87.3413
file2	4DDH_MS0_A_403_entry_00004_conf_01	-78.8438
file2	4EF6_I2E_A_404_entry_00003_conf_01	-77.1899
file2	1N3I_DIH_A_401_entry_00001_conf_01	-75.8226
file1	3IOB_A4D_A_301_entry_00001_conf_01	-70.8673
